{
  "house_prices": {
    "mae": 17966.634432764535,
    "rmse": 28407.37307510817,
    "r2": 0.8947921088059804
  },
  "energy_efficiency": {
    "mae": 0.7217089593178493,
    "rmse": 1.131104677174687,
    "r2": 0.986351134040351
  }
}